,SYMBOL,Date,Series,Prev Close,Open,High,Low,Last,Close,VWAP,Volume,Turnover,Trades,Deliverable Volume,%Deliverble,Descripency Detail,Descripency,V AVERAGE
2,TATAMOTORS,2021-10-18,EQ,497.6,507.0,525.0,503.6,509.8,509.6,515.47,72322623,3728010421400000.0,803895,13212916,18.27,"Vol Down, Delivery Up",1,0.601
3,TATAMOTORS,2021-10-19,EQ,509.6,512.45,517.4,476.05,484.75,481.9,498.07,57428637,2860351791875000.0,649066,13555763,23.6,"Vol Down, Delivery Up",1,0.601
14,BAJAJFINSV,2021-10-18,EQ,18488.9,18850.0,19100.0,18552.8,18685.0,18677.95,18786.86,293948,552236041455000.0,52531,81780,27.82,"Vol Up, Delivery Down",1,0.49
15,BAJAJFINSV,2021-10-19,EQ,18677.95,19000.0,19325.0,18600.5,18935.8,19076.55,19043.09,387846,738578641000000.0,63984,65286,16.83,"Vol Up, Delivery Down",1,0.49
6,SBIN,2021-10-18,EQ,490.6,494.0,501.0,491.7,496.95,497.95,496.52,20084248,997224813100000.0,242361,6957051,34.64,"Vol Up, Delivery Down",1,0.445
7,SBIN,2021-10-19,EQ,497.95,500.35,504.2,483.25,488.7,488.2,496.47,20645100,1024960394075000.0,222035,6902634,33.43,"Vol Up, Delivery Down",1,0.445
12,COALINDIA,2021-10-18,EQ,183.8,184.8,187.75,183.4,185.25,185.3,185.67,15468914,287205754280000.0,124676,5047322,32.63,"Vol Up, Delivery Down",1,0.399
13,COALINDIA,2021-10-19,EQ,185.3,187.3,188.95,183.6,184.95,184.5,186.33,17403803,324285262965000.0,110685,5019465,28.84,"Vol Up, Delivery Down",1,0.399
4,TATACONSUM,2021-10-18,EQ,849.6,863.0,863.0,842.05,846.0,843.95,849.48,1914236,162611286730000.0,62358,923871,48.26,"Vol Up, Delivery Down",1,0.38
5,TATACONSUM,2021-10-19,EQ,843.95,849.0,862.0,840.1,844.0,843.3,851.81,1915361,163152725125000.0,47813,569399,29.73,"Vol Up, Delivery Down",1,0.38
0,WIPRO,2021-10-18,EQ,708.25,719.0,720.8,702.4,711.05,709.75,711.39,10599446,754037090575000.0,169511,4832594,45.59,"Vol Up, Delivery Down",1,0.373
1,WIPRO,2021-10-19,EQ,709.75,717.1,729.95,708.0,714.0,711.55,721.38,10932574,788648610585000.0,235015,3018306,27.61,"Vol Up, Delivery Down",1,0.373
10,HEROMOTOCO,2021-10-18,EQ,2927.8,2939.0,2950.0,2896.2,2900.0,2904.1,2924.83,440831,128935576005000.0,34738,220415,50.0,"Vol Up, Delivery Down",1,0.357
11,HEROMOTOCO,2021-10-19,EQ,2904.1,2904.1,2930.0,2865.5,2870.0,2876.05,2900.66,447221,129723626700000.0,25776,209927,46.94,"Vol Up, Delivery Down",1,0.357
8,NESTLEIND,2021-10-18,EQ,19325.4,19600.0,19600.0,19220.0,19400.0,19438.45,19385.39,56303,109145546915000.02,16892,28413,50.46000000000001,"Vol Up, Delivery Down",1,0.29
9,NESTLEIND,2021-10-19,EQ,19438.45,19475.0,19732.05,19284.05,19406.55,19368.45,19513.23,59302,115717338500000.0,17193,19867,33.5,"Vol Up, Delivery Down",1,0.29
58,INDUSINDBK,2021-10-18,EQ,1210.0,1221.0,1229.65,1196.05,1217.0,1219.6,1217.15,4512591,549248343415000.0,139103,1598752,35.43,-,0,0.631
59,INDUSINDBK,2021-10-19,EQ,1219.6,1222.0,1240.0,1185.6,1193.0,1194.0,1216.15,3879525,471806591635000.06,85213,1370797,35.33,-,0,0.631
64,HINDALCO,2021-10-18,EQ,516.1,535.45,551.85,526.5,543.15,542.8,543.22,23481789,1275566860840000.0,256370,7165093,30.510000000000005,-,0,0.541
65,HINDALCO,2021-10-19,EQ,542.8,547.7,547.7,526.05,535.9,533.75,539.38,11017925,594281728750000.0,128264,4549970,41.3,-,0,0.541
26,TATASTEEL,2021-10-18,EQ,1375.05,1418.0,1424.75,1391.1,1408.0,1411.05,1412.0,10923230,1542363871065000.0,254274,3504738,32.09,-,0,0.521
27,TATASTEEL,2021-10-19,EQ,1411.05,1421.0,1426.55,1357.55,1369.0,1366.9,1395.29,8756924,1221842109085000.0,181679,2702284,30.86,-,0,0.521
90,BAJFINANCE,2021-10-18,EQ,7862.9,8050.0,8050.0,7800.8,7850.0,7865.55,7873.77,855098,673284462865000.0,78983,332210,38.85,-,0,0.503
91,BAJFINANCE,2021-10-19,EQ,7865.55,7890.0,7914.7,7671.0,7720.3,7739.3,7838.98,1244989,975943857060000.0,92653,675282,54.24,-,0,0.503
50,JSWSTEEL,2021-10-18,EQ,692.85,695.5,727.3,695.5,715.85,715.8,717.58,9493244,681215920515000.0,145222,2057471,21.67,-,0,0.487
51,JSWSTEEL,2021-10-19,EQ,715.8,722.5,722.5,688.45,692.5,691.55,704.72,4164143,293456504965000.0,65305,1019094,24.47,-,0,0.487
94,AXISBANK,2021-10-18,EQ,802.05,820.0,820.0,802.05,814.35,813.3,810.28,11014585,892488674035000.0,212895,6331449,57.48,-,0,0.484
95,AXISBANK,2021-10-19,EQ,813.3,820.0,827.0,798.5,800.3,801.65,811.38,10633732,862798913715000.0,186747,5681554,53.43,-,0,0.484
98,ADANIPORTS,2021-10-18,EQ,812.8,820.9,829.9,807.0,808.9,810.55,820.29,8883845,728733578845000.0,140419,2707893,30.48,-,0,0.478
99,ADANIPORTS,2021-10-19,EQ,810.55,815.0,820.0,785.0,791.0,792.25,807.01,5543852,447391976935000.06,81177,1266637,22.85,-,0,0.478
38,ONGC,2021-10-18,EQ,159.05,163.75,165.5,161.2,162.3,162.1,163.13,22899876,373556902410000.0,126622,9728952,42.48,-,0,0.476
39,ONGC,2021-10-19,EQ,162.1,163.5,163.5,158.0,159.0,158.6,160.16,10331930,165475601630000.0,65601,3898013,37.73,-,0,0.476
16,UPL,2021-10-18,EQ,747.85,749.2,762.0,745.2,751.35,751.1,753.11,2620289,197337405215000.0,56584,1255886,47.93,-,0,0.475
17,UPL,2021-10-19,EQ,751.1,755.0,759.9,728.6,731.6,733.7,744.97,1498436,111628588215000.02,30110,464244,30.98,-,0,0.475
60,ICICIBANK,2021-10-18,EQ,727.3,739.0,748.9,732.05,743.5,745.45,742.83,15345601,1139924196200000.0,257813,8490176,55.33,-,0,0.44
61,ICICIBANK,2021-10-19,EQ,745.45,755.0,755.0,738.75,746.65,747.45,748.61,11349799,849652180230000.0,155597,6646953,58.56,-,0,0.44
44,M&M,2021-10-18,EQ,931.4,958.0,958.0,908.3,910.8,910.95,925.21,2885649,266984123210000.0,113024,1311798,45.46,-,0,0.418
45,M&M,2021-10-19,EQ,910.95,911.0,927.6,901.2,917.1,917.5,915.4,3476818,318266643840000.0,86479,1706477,49.08,-,0,0.418
86,BPCL,2021-10-18,EQ,459.3,470.0,470.0,461.05,462.25,462.5,463.99,4392323,203799206020000.0,60569,2609482,59.41,-,0,0.407
87,BPCL,2021-10-19,EQ,462.5,463.9,465.0,449.95,452.05,453.05,458.58,5402657,247756658280000.03,84442,3363623,62.260000000000005,-,0,0.407
88,BHARTIARTL,2021-10-18,EQ,685.8,700.0,701.95,679.65,680.3,680.6,686.55,8574445,588676670430000.0,170647,5131456,59.85,-,0,0.398
89,BHARTIARTL,2021-10-19,EQ,680.6,699.0,699.0,675.45,682.0,681.1,686.19,7328862,502899671960000.06,139015,2337461,31.89,-,0,0.398
76,EICHERMOT,2021-10-18,EQ,2853.2,2881.0,2881.0,2812.85,2832.0,2826.35,2834.63,360160,102091928515000.0,30056,121036,33.61,-,0,0.392
77,EICHERMOT,2021-10-19,EQ,2826.35,2842.7,2842.7,2687.25,2699.0,2703.7,2748.57,999095,274608171375000.0,61852,415140,41.55,-,0,0.392
70,HDFC,2021-10-18,EQ,2808.75,2848.0,2848.0,2788.05,2805.45,2811.5,2815.59,2609969,734860839925000.0,115966,1645449,63.04,-,0,0.388
71,HDFC,2021-10-19,EQ,2811.5,2825.0,2827.95,2800.0,2821.0,2822.9,2818.03,1994376,562020960940000.0,116753,1417438,71.07,-,0,0.388
48,KOTAKBANK,2021-10-18,EQ,2017.8,2017.8,2046.95,2007.95,2011.0,2011.6,2023.76,2166779,438504409565000.0,76560,1241941,57.32000000000001,-,0,0.386
49,KOTAKBANK,2021-10-19,EQ,2011.6,2011.9,2044.95,1992.1,2044.0,2035.35,2018.79,1695203,342226563835000.0,56524,926447,54.65,-,0,0.386
22,TECHM,2021-10-18,EQ,1430.8,1420.0,1486.95,1420.0,1483.0,1479.65,1460.69,3579606,522868253275000.0,107820,1620577,45.27,-,0,0.383
23,TECHM,2021-10-19,EQ,1479.65,1498.0,1569.8,1477.05,1542.7,1539.1,1534.37,8645334,1326516314900000.0,203315,2562014,29.630000000000003,-,0,0.383
20,TITAN,2021-10-18,EQ,2564.05,2620.0,2677.9,2575.5,2594.55,2588.8,2626.78,2572741,675802085725000.0,139318,940259,36.55,-,0,0.381
21,TITAN,2021-10-19,EQ,2588.8,2638.0,2638.0,2468.75,2496.0,2484.9,2527.63,3546129,896330166010000.0,135501,2335354,65.86,-,0,0.381
74,GRASIM,2021-10-18,EQ,1752.5,1762.0,1798.4,1746.0,1749.0,1753.95,1773.59,1333785,236558462990000.0,44438,596548,44.73,-,0,0.381
75,GRASIM,2021-10-19,EQ,1753.95,1757.0,1770.45,1711.55,1721.4,1717.9,1741.53,549783,95746561745000.0,33130,189875,34.54,-,0,0.381
30,SHREECEM,2021-10-18,EQ,27956.45,28177.7,28300.0,27950.0,28182.0,28191.3,28118.19,35497,99811122810000.0,10452,17977,50.63999999999999,-,0,0.373
31,SHREECEM,2021-10-19,EQ,28191.3,28200.05,28393.35,27556.2,27647.95,27696.8,27905.59,20380,56871599750000.0,8764,9048,44.4,-,0,0.373
42,MARUTI,2021-10-18,EQ,7496.9,7405.0,7705.3,7405.0,7650.05,7657.0,7633.77,913963,697698026755000.0,72232,523569,57.29,-,0,0.371
43,MARUTI,2021-10-19,EQ,7657.0,7670.2,7768.6,7585.0,7613.1,7655.65,7677.23,658869,505828723180000.0,66791,339649,51.55,-,0,0.371
66,HDFCLIFE,2021-10-18,EQ,693.8,700.0,706.05,689.05,702.7,703.6,695.16,4597120,319574698865000.0,88533,2490683,54.18000000000001,-,0,0.37
67,HDFCLIFE,2021-10-19,EQ,703.6,708.0,709.05,698.55,703.2,702.8,705.14,2137420,150717288910000.0,65743,956090,44.73,-,0,0.37
34,RELIANCE,2021-10-18,EQ,2700.4,2668.6,2745.0,2662.3,2707.8,2707.6,2713.78,6273850,1702585550665000.0,274696,3527305,56.220000000000006,-,0,0.368
35,RELIANCE,2021-10-19,EQ,2707.6,2723.8,2751.35,2708.0,2730.8,2731.85,2733.67,4076617,1114411942510000.0,203192,1855378,45.51,-,0,0.368
28,SUNPHARMA,2021-10-18,EQ,841.3,850.0,851.0,832.15,836.95,835.9,839.93,2632795,221137166360000.0,75791,1377619,52.33,-,0,0.363
29,SUNPHARMA,2021-10-19,EQ,835.9,837.0,842.2,825.65,826.0,827.35,831.84,2029762,168844386495000.0,69557,1244155,61.3,-,0,0.363
72,HCLTECH,2021-10-18,EQ,1251.15,1240.0,1272.5,1215.0,1224.85,1221.4,1231.58,23861603,2938754301890000.0,436447,16805980,70.43,-,0,0.36
73,HCLTECH,2021-10-19,EQ,1221.4,1230.0,1253.0,1225.0,1232.0,1232.1,1237.26,10189780,1260741805055000.0,176380,6207983,60.92000000000001,-,0,0.36
32,SBILIFE,2021-10-18,EQ,1185.55,1220.0,1220.0,1185.55,1195.0,1192.5,1196.16,934860,111823973325000.0,39485,484294,51.8,-,0,0.358
33,SBILIFE,2021-10-19,EQ,1192.5,1193.5,1215.9,1186.55,1197.6,1193.45,1201.13,1313098,157719946295000.0,51507,676936,51.55,-,0,0.358
40,NTPC,2021-10-18,EQ,149.4,151.25,151.7,148.7,149.55,149.55,150.23,25346029,380762196295000.0,112055,17270137,68.14,-,0,0.356
41,NTPC,2021-10-19,EQ,149.55,150.95,152.1,148.1,149.5,149.65,150.73,20234486,304984929985000.0,100324,8820317,43.59,-,0,0.356
36,POWERGRID,2021-10-18,EQ,204.65,209.8,209.95,202.15,202.8,203.8,206.14,28909774,595934205020000.0,97054,18371344,63.55,-,0,0.353
37,POWERGRID,2021-10-19,EQ,203.8,204.0,204.8,197.0,197.6,198.65,201.39,12130633,244298209455000.03,65716,7815881,64.43,-,0,0.353
18,ULTRACEMCO,2021-10-18,EQ,7395.5,7530.0,7644.0,7301.4,7395.0,7399.3,7472.28,1413642,1056313179150000.0,123051,434076,30.710000000000004,-,0,0.351
19,ULTRACEMCO,2021-10-19,EQ,7399.3,7489.0,7489.0,7153.0,7187.0,7170.1,7244.46,868388,629100313340000.0,121943,363584,41.87,-,0,0.351
54,IOC,2021-10-18,EQ,134.4,140.0,140.0,135.7,136.25,136.35,137.07,14763816,202371918305000.0,73512,6842588,46.35,-,0,0.351
55,IOC,2021-10-19,EQ,136.35,136.65,137.25,133.35,133.6,133.8,135.17,10316614,139447292215000.02,45078,5118174,49.61,-,0,0.351
46,LT,2021-10-18,EQ,1789.3,1807.15,1810.5,1782.0,1785.0,1788.45,1795.05,1918546,344389138765000.0,87947,1076006,56.08,-,0,0.345
47,LT,2021-10-19,EQ,1788.45,1809.8,1885.0,1802.05,1848.0,1846.05,1848.38,6639827,1227292380070000.0,219361,2703715,40.72,-,0,0.345
80,DIVISLAB,2021-10-18,EQ,5372.15,5383.0,5425.1,5314.55,5330.0,5343.05,5358.49,544942,292006374310000.0,46152,280795,51.53,-,0,0.345
81,DIVISLAB,2021-10-19,EQ,5343.05,5344.0,5390.0,5167.75,5190.0,5192.1,5253.89,388226,203969663830000.0,44594,199767,51.46000000000001,-,0,0.345
96,ASIANPAINT,2021-10-18,EQ,3297.8,3252.5,3283.95,3232.0,3242.0,3241.5,3254.33,1576121,512922130185000.06,124215,910415,57.76,-,0,0.344
97,ASIANPAINT,2021-10-19,EQ,3241.5,3260.9,3269.1,3176.1,3187.0,3183.75,3219.88,1042069,335534042315000.0,89378,553930,53.16,-,0,0.344
82,CIPLA,2021-10-18,EQ,911.35,911.35,915.9,899.5,903.0,903.75,904.36,1913667,173063468800000.0,73995,1050664,54.900000000000006,-,0,0.342
83,CIPLA,2021-10-19,EQ,903.75,906.0,917.3,903.25,906.0,906.2,909.27,1360282,123686055780000.0,37455,650163,47.8,-,0,0.342
78,DRREDDY,2021-10-18,EQ,4958.7,4945.0,4974.95,4865.65,4868.35,4877.5,4900.14,333651,163493556210000.0,37318,173869,52.11,-,0,0.334
79,DRREDDY,2021-10-19,EQ,4877.5,4905.0,4920.0,4790.0,4794.85,4801.8,4847.84,539719,261647095075000.0,39987,363273,67.31,-,0,0.334
68,HDFCBANK,2021-10-18,EQ,1687.4,1705.0,1725.0,1667.05,1674.5,1670.3,1690.0,14428228,2438370024185000.0,413049,8220482,56.97,-,0,0.329
69,HDFCBANK,2021-10-19,EQ,1670.3,1675.45,1692.45,1671.0,1687.6,1688.7,1685.37,4493770,757364698290000.0,146669,2218411,49.37,-,0,0.329
92,BAJAJ-AUTO,2021-10-18,EQ,3965.9,3861.0,3969.7,3861.0,3915.0,3915.95,3920.56,463126,181571371410000.0,41330,216467,46.74,-,0,0.329
93,BAJAJ-AUTO,2021-10-19,EQ,3915.95,3930.2,3955.0,3892.25,3912.0,3911.55,3917.86,275481,107929662255000.0,20361,142375,51.68000000000001,-,0,0.329
56,INFY,2021-10-18,EQ,1715.75,1740.0,1799.0,1740.0,1798.0,1792.15,1770.72,13438109,2379510303490000.0,310783,9274584,69.02,-,0,0.321
57,INFY,2021-10-19,EQ,1792.15,1814.0,1834.5,1782.3,1823.5,1822.15,1818.83,10324260,1877808711705000.0,236442,6341209,61.42000000000001,-,0,0.321
52,ITC,2021-10-18,EQ,256.55,261.0,265.3,257.35,261.8,262.55,261.24,60292901,1575121629540000.0,318410,31847322,52.82,-,0,0.32
53,ITC,2021-10-19,EQ,262.55,261.4,262.55,245.05,246.1,245.95,251.38,59061766,1484710658720000.0,445769,24569236,41.6,-,0,0.32
84,BRITANNIA,2021-10-18,EQ,3894.85,3960.0,3960.0,3825.0,3842.0,3837.35,3877.0,256837,99575683780000.0,22770,162875,63.42,-,0,0.305
85,BRITANNIA,2021-10-19,EQ,3837.35,3860.35,3868.35,3780.0,3800.75,3795.9,3822.65,282932,108155119630000.0,21396,167711,59.28,-,0,0.305
24,TCS,2021-10-18,EQ,3611.45,3603.45,3652.7,3601.45,3649.0,3647.15,3631.23,3590107,1303651779915000.0,213590,2407286,67.05,-,0,0.302
25,TCS,2021-10-19,EQ,3647.15,3669.0,3690.1,3625.2,3634.45,3634.15,3661.85,3135441,1148150058185000.0,191609,1815161,57.89,-,0,0.302
62,HINDUNILVR,2021-10-18,EQ,2649.55,2672.8,2678.9,2643.05,2652.75,2654.0,2656.9,1758177,467129660515000.0,107047,1219438,69.36,-,0,0.286
63,HINDUNILVR,2021-10-19,EQ,2654.0,2669.9,2732.0,2520.5,2557.3,2546.8,2634.04,5431133,1430581137700000.0,285125,1864153,34.32,-,0,0.286
